메이커,모델,스펙,배기량,기통,변속기,연료,CITY연비,HWY연비,CO2배출량
AUDI,A4,COMPACT,2.0,4.0,MT,고급유,9.3,13.3,214.0
AUDI,A4,,2.0,4.0,MT,고급유,9.3,13.3,214.0
AUDI,R8,TWO_SEATER,4.2,8.0,MT,고급유,4.7,7.5,407.0
AUDI,R8,TWO_SEATER,5.2,10.0,MT,고급유,4.7,7.2,409.0
AUDI,R8,TWO_SEATER,4.2,8.0,MT,고급유,4.7,7.5,407.0
AUDI,R8,TWO_SEATER,5.2,10.0,MT,고급유,4.7,7.2,409.0
AUDI,S4,COMPACT,3.0,6.0,MT,고급유,6.8,10.2,285.0
AUDI,S5,SUBCOMPACT,3.0,6.0,MT,고급유,6.8,10.2,285.0
AUDI,A4,COMPACT,2.0,4.0,MT,고급유,9.4,13.7,209.0
AUDI,A5,SUBCOMPACT,2.0,4.0,MT,고급유,9.4,13.7,209.0
AUDI,R8,TWO_SEATER,4.2,8.0,MT,고급유,4.9,8.5,382.0
AUDI,R8,TWO_SEATER,5.2,10.0,MT,고급유,5.0,8.3,377.0
AUDI,R8,TWO_SEATER,4.2,8.0,MT,고급유,4.9,8.5,382.0
AUDI,R8,TWO_SEATER,5.2,10.0,MT,고급유,5.0,8.3,377.0
AUDI,S4,COMPACT,3.0,6.0,MT,고급유,7.2,11.1,269.0
AUDI,S5,SUBCOMPACT,3.0,6.0,MT,고급유,7.2,11.1,269.0
AUDI,A4,COMPACT,2.0,4.0,MT,고급유,9.4,13.7,214.0
AUDI,A5,SUBCOMPACT,2.0,4.0,MT,고급유,9.4,13.7,214.0
AUDI,S4,COMPACT,3.0,6.0,MT,고급유,7.2,11.1,273.0
AUDI,S5,SUBCOMPACT,3.0,6.0,MT,고급유,7.2,11.1,273.0
AUDI,A4,COMPACT,2.0,4.0,MT,고급유,10.1,14.3,204.0
AUDI,A5,SUBCOMPACT,2.0,4.0,MT,고급유,9.6,13.7,210.0
AUDI,S5,SUBCOMPACT,3.0,6.0,MT,고급유,7.2,11.1,273.0
AUDI,A4,COMPACT,2.0,4.0,MT,고급유,10.1,14.1,204.0
AUDI,A5,SUBCOMPACT,2.0,4.0,MT,고급유,10.1,14.1,204.0
BMW,320I,COMPACT,2.0,4.0,MT,고급유,9.6,14.9,200.0
BMW,328I,COMPACT,2.0,4.0,MT,고급유,9.6,14.9,200.0
BMW,335I,COMPACT,3.0,6.0,MT,고급유,8.5,12.7,230.0
BMW,335I,COMPACT,3.0,6.0,MT,고급유,8.4,12.0,237.0
BMW,428I,COMPACT,2.0,4.0,MT,고급유,9.6,14.9,200.0
BMW,435I,COMPACT,3.0,6.0,MT,고급유,8.5,12.7,230.0
BMW,435I,COMPACT,3.0,6.0,MT,고급유,8.4,12.0,237.0
BMW,M5,MID_SIZE,4.4,8.0,MT,고급유,6.2,9.2,317.0
BMW,M6,SUBCOMPACT,4.4,8.0,MT,고급유,6.2,9.2,317.0
BMW,M6,COMPACT,4.4,8.0,MT,고급유,6.2,9.2,317.0
BMW,Z4,TWO_SEATER,2.0,4.0,MT,고급유,9.6,14.9,200.0
BMW,Z4,TWO_SEATER,3.0,6.0,MT,고급유,7.9,11.1,253.0
BMW,228I,SUBCOMPACT,2.0,4.0,MT,고급유,9.3,14.5,207.0
BMW,320I,COMPACT,2.0,4.0,MT,고급유,9.3,14.5,207.0
BMW,328I,COMPACT,2.0,4.0,MT,고급유,9.3,14.5,207.0
BMW,335I,COMPACT,3.0,6.0,MT,고급유,8.7,12.8,225.0
BMW,335I,COMPACT,3.0,6.0,MT,고급유,8.3,12.0,237.0
BMW,428I,COMPACT,2.0,4.0,MT,고급유,9.3,14.5,207.0
BMW,428I,COMPACT,2.0,4.0,MT,고급유,9.2,14.7,207.0
BMW,435I,COMPACT,3.0,6.0,MT,고급유,8.7,12.8,225.0
BMW,435I,COMPACT,3.0,6.0,MT,고급유,8.3,12.0,237.0
BMW,M235I,SUBCOMPACT,3.0,6.0,MT,고급유,8.1,11.1,248.0
BMW,M235I,SUBCOMPACT,3.0,6.0,MT,고급유,8.4,11.8,239.0
BMW,M3,COMPACT,3.0,6.0,MT,고급유,7.3,11.1,267.0
BMW,M4,SUBCOMPACT,3.0,6.0,MT,고급유,7.1,11.1,271.0
BMW,M4,COMPACT,3.0,6.0,MT,고급유,7.3,11.1,267.0
BMW,M5,MID_SIZE,4.4,8.0,MT,고급유,6.2,9.3,315.0
BMW,M6,SUBCOMPACT,4.4,8.0,MT,고급유,6.2,9.3,315.0
BMW,M6,COMPACT,4.4,8.0,MT,고급유,6.2,9.3,315.0
BMW,M6,COMPACT,4.4,8.0,MT,고급유,6.2,9.3,315.0
BMW,Z4,TWO_SEATER,2.0,4.0,MT,고급유,9.3,14.5,207.0
BMW,Z4,TWO_SEATER,3.0,6.0,MT,고급유,7.9,11.1,253.0
BMW,228I,SUBCOMPACT,2.0,4.0,MT,고급유,9.3,14.3,211.0
BMW,320I,COMPACT,2.0,4.0,MT,고급유,9.3,14.3,211.0
BMW,340I,COMPACT,3.0,6.0,MT,고급유,8.6,12.8,231.0
BMW,340I,COMPACT,3.0,6.0,MT,고급유,8.4,12.0,241.0
BMW,428I,COMPACT,2.0,4.0,MT,고급유,9.3,14.3,211.0
BMW,428I,COMPACT,2.0,4.0,MT,고급유,9.2,14.7,210.0
BMW,435I,COMPACT,3.0,6.0,MT,고급유,8.3,11.9,246.0
BMW,435I,COMPACT,3.0,6.0,MT,고급유,8.1,11.9,247.0
BMW,M2,SUBCOMPACT,3.0,6.0,MT,고급유,7.9,10.9,260.0
BMW,M235I,SUBCOMPACT,3.0,6.0,MT,고급유,8.4,11.6,245.0
BMW,M235I,SUBCOMPACT,3.0,6.0,MT,고급유,8.3,11.9,246.0
BMW,M3,COMPACT,3.0,6.0,MT,고급유,7.3,11.1,271.0
BMW,M4,SUBCOMPACT,3.0,6.0,MT,고급유,7.1,11.1,278.0
BMW,M4,COMPACT,3.0,6.0,MT,고급유,7.3,11.1,271.0
BMW,M5,MID_SIZE,4.4,8.0,MT,고급유,6.2,9.2,321.0
BMW,M6,COMPACT,4.4,8.0,MT,고급유,6.2,9.2,321.0
BMW,M6,SUBCOMPACT,4.4,8.0,MT,고급유,6.2,9.2,321.0
BMW,M6,COMPACT,4.4,8.0,MT,고급유,6.2,9.2,321.0
BMW,Z4,TWO_SEATER,2.0,4.0,MT,고급유,9.3,14.3,211.0
BMW,230I,SUBCOMPACT,2.0,4.0,MT,고급유,9.0,13.7,219.0
BMW,320I,COMPACT,2.0,4.0,MT,고급유,9.8,14.9,202.0
BMW,340I,COMPACT,3.0,6.0,MT,고급유,8.2,12.2,242.0
BMW,340I,COMPACT,3.0,6.0,MT,고급유,8.2,11.8,246.0
BMW,440I,COMPACT,3.0,6.0,MT,고급유,8.2,12.2,242.0
BMW,440I,COMPACT,3.0,6.0,MT,고급유,8.2,11.8,246.0
BMW,M2,SUBCOMPACT,3.0,6.0,MT,고급유,7.6,10.9,267.0
BMW,M240I,SUBCOMPACT,3.0,6.0,MT,고급유,8.2,12.2,242.0
BMW,M240I,SUBCOMPACT,3.0,6.0,MT,고급유,8.0,11.9,250.0
BMW,M3,COMPACT,3.0,6.0,MT,고급유,7.3,11.0,273.0
BMW,M4,SUBCOMPACT,3.0,6.0,MT,고급유,7.3,11.0,273.0
BMW,M4,COMPACT,3.0,6.0,MT,고급유,7.3,11.0,273.0
BMW,M6,COMPACT,4.4,8.0,MT,고급유,6.2,9.2,324.0
BMW,M6,SUBCOMPACT,4.4,8.0,MT,고급유,6.2,9.2,324.0
BMW,M6,COMPACT,4.4,8.0,MT,고급유,6.2,9.2,324.0
BMW,230I,SUBCOMPACT,2.0,4.0,MT,고급유,9.0,13.7,219.0
BMW,340I,COMPACT,3.0,6.0,MT,고급유,8.3,12.3,240.0
BMW,340I,COMPACT,3.0,6.0,MT,고급유,8.2,11.9,245.0
BMW,440I,COMPACT,3.0,6.0,MT,고급유,8.3,12.3,240.0
BMW,440I,COMPACT,3.0,6.0,MT,고급유,8.2,11.9,245.0
BMW,M2,SUBCOMPACT,3.0,6.0,MT,고급유,7.6,10.9,267.0
BMW,M240I,SUBCOMPACT,3.0,6.0,MT,고급유,7.9,11.5,255.0
BMW,M240I,SUBCOMPACT,3.0,6.0,MT,고급유,8.0,11.9,249.0
BMW,M3,COMPACT,3.0,6.0,MT,고급유,7.4,10.8,273.0
BMW,M4,SUBCOMPACT,3.0,6.0,MT,고급유,7.2,10.6,280.0
BMW,M4,COMPACT,3.0,6.0,MT,고급유,7.4,10.8,273.0
BMW,M6,SUBCOMPACT,4.4,8.0,MT,고급유,6.2,9.2,324.0
BMW,M6,SUBCOMPACT,4.4,8.0,MT,고급유,6.2,9.2,324.0
BMW,M6,COMPACT,4.4,8.0,MT,고급유,6.2,9.2,324.0
BMW,440I,COMPACT,3.0,6.0,MT,고급유,7.8,11.4,256.0
BMW,440I,COMPACT,3.0,6.0,MT,고급유,7.7,11.8,256.0
BMW,M2,SUBCOMPACT,3.0,6.0,MT,고급유,7.5,10.4,273.0
BMW,M240I,SUBCOMPACT,3.0,6.0,MT,고급유,7.8,11.4,256.0
BMW,M240I,SUBCOMPACT,3.0,6.0,MT,고급유,7.8,11.4,256.0
BMW,M240I,SUBCOMPACT,3.0,6.0,MT,고급유,7.8,11.4,256.0
BMW,M4,SUBCOMPACT,3.0,6.0,MT,고급유,7.2,10.6,280.0
BMW,M4,SUBCOMPACT,3.0,6.0,MT,고급유,7.2,10.6,280.0
BMW,M4,COMPACT,3.0,6.0,MT,고급유,7.5,10.4,273.0
BMW,M4,COMPACT,3.0,6.0,MT,고급유,7.5,10.4,273.0
BMW,440I,COMPACT,3.0,6.0,MT,고급유,7.7,11.8,257.0
BMW,M2,SUBCOMPACT,3.0,6.0,MT,고급유,7.5,10.4,273.0
BMW,M240I,SUBCOMPACT,3.0,6.0,MT,고급유,7.9,11.4,255.0
BMW,M240I,SUBCOMPACT,3.0,6.0,MT,고급유,7.9,11.4,255.0
BMW,M240I,SUBCOMPACT,3.0,6.0,MT,고급유,7.9,11.4,255.0
BMW,M4,SUBCOMPACT,3.0,6.0,MT,고급유,7.2,10.6,280.0
BMW,M4,SUBCOMPACT,3.0,6.0,MT,고급유,7.2,10.6,280.0
BMW,M4,COMPACT,3.0,6.0,MT,고급유,7.5,10.4,273.0
BMW,M4,COMPACT,3.0,6.0,MT,고급유,7.5,10.4,273.0
CHEVROLET,CAMARO,COMPACT,3.6,6.0,MT,휘발유,7.0,11.6,269.0
CHEVROLET,CAMARO,COMPACT,6.2,8.0,MT,고급유,6.7,10.1,292.0
CHEVROLET,CAMARO,COMPACT,6.2,8.0,MT,고급유,6.0,8.0,340.0
CHEVROLET,CORVETTE,TWO_SEATER,6.2,8.0,MT,고급유,7.3,12.2,258.0
CHEVROLET,CRUZE,MID_SIZE,1.4,4.0,MT,휘발유,11.0,15.9,179.0
CHEVROLET,CRUZE,MID_SIZE,1.8,4.0,MT,휘발유,10.5,15.4,189.0
CHEVROLET,CRUZE_ECO,MID_SIZE,1.4,4.0,MT,휘발유,11.9,17.9,163.0
CHEVROLET,ORLANDO,SUV ,2.4,4.0,MT,휘발유,8.5,12.0,235.0
CHEVROLET,SONIC,COMPACT,1.4,4.0,MT,휘발유,11.8,16.1,173.0
CHEVROLET,SONIC,COMPACT,1.8,4.0,MT,휘발유,11.2,14.9,182.0
CHEVROLET,SONIC,COMPACT,1.4,4.0,MT,휘발유,11.4,14.3,184.0
CHEVROLET,SONIC,MID_SIZE,1.4,4.0,MT,휘발유,11.8,16.1,172.0
CHEVROLET,SONIC,MID_SIZE,1.8,4.0,MT,휘발유,11.2,14.9,182.0
CHEVROLET,SONIC,MID_SIZE,1.4,4.0,MT,휘발유,11.4,14.3,184.0
CHEVROLET,SPARK,SUBCOMPACT,1.2,4.0,MT,휘발유,13.2,16.7,159.0
CHEVROLET,TRAX,SUV ,1.4,4.0,MT,휘발유,11.0,14.7,186.0
CHEVROLET,CAMARO,COMPACT,3.6,6.0,MT,휘발유,7.1,11.9,265.0
CHEVROLET,CAMARO,COMPACT,6.2,8.0,MT,고급유,6.7,10.1,292.0
CHEVROLET,CAMARO,COMPACT,6.2,8.0,MT,고급유,5.5,8.1,357.0
CHEVROLET,CAMARO,COMPACT,6.2,8.0,MT,고급유,6.0,8.1,338.0
CHEVROLET,COLORADO,PICKUP TRUCK ,2.5,4.0,MT,휘발유,8.2,11.0,248.0
CHEVROLET,CORVETTE,TWO_SEATER,6.2,8.0,MT,고급유,7.3,12.2,258.0
CHEVROLET,CORVETTE,TWO_SEATER,6.2,8.0,MT,고급유,6.4,9.4,308.0
CHEVROLET,CRUZE,MID_SIZE,1.4,4.0,MT,휘발유,11.1,16.1,179.0
CHEVROLET,CRUZE,MID_SIZE,1.8,4.0,MT,휘발유,10.6,15.2,186.0
CHEVROLET,CRUZE_ECO,MID_SIZE,1.4,4.0,MT,휘발유,11.9,17.9,163.0
CHEVROLET,SONIC,COMPACT,1.4,4.0,MT,휘발유,11.8,16.1,173.0
CHEVROLET,SONIC,COMPACT,1.8,4.0,MT,휘발유,11.1,14.7,184.0
CHEVROLET,SONIC,COMPACT,1.4,4.0,MT,휘발유,11.2,14.5,184.0
CHEVROLET,SONIC,MID_SIZE,1.4,4.0,MT,휘발유,11.8,16.1,173.0
CHEVROLET,SONIC,MID_SIZE,1.8,4.0,MT,휘발유,11.1,14.7,184.0
CHEVROLET,SONIC,MID_SIZE,1.4,4.0,MT,휘발유,11.2,14.5,184.0
CHEVROLET,SPARK,SUBCOMPACT,1.2,4.0,MT,휘발유,13.3,16.7,156.0
CHEVROLET,TRAX,SUV ,1.4,4.0,MT,휘발유,11.0,14.5,186.0
CHEVROLET,CAMARO,COMPACT,2.0,4.0,MT,고급유,8.8,12.7,229.0
CHEVROLET,CAMARO,COMPACT,3.6,6.0,MT,휘발유,7.6,11.5,261.0
CHEVROLET,CAMARO,COMPACT,6.2,8.0,MT,고급유,7.0,10.6,284.0
CHEVROLET,COLORADO,PICKUP TRUCK ,2.5,4.0,MT,휘발유,8.2,11.0,253.0
CHEVROLET,CORVETTE,TWO_SEATER,6.2,8.0,MT,고급유,7.3,12.2,263.0
CHEVROLET,CORVETTE,TWO_SEATER,6.2,8.0,MT,고급유,6.4,9.4,313.0
CHEVROLET,CRUZE,COMPACT,1.4,4.0,MT,휘발유,12.2,17.2,167.0
CHEVROLET,CRUZE,MID_SIZE,1.4,4.0,MT,휘발유,11.1,16.1,182.0
CHEVROLET,CRUZE,MID_SIZE,1.8,4.0,MT,휘발유,10.6,15.2,190.0
CHEVROLET,CRUZE_ECO,MID_SIZE,1.4,4.0,MT,휘발유,11.9,17.9,167.0
CHEVROLET,SONIC,COMPACT,1.4,4.0,MT,휘발유,11.8,16.1,175.0
CHEVROLET,SONIC,COMPACT,1.8,4.0,MT,휘발유,11.1,14.7,187.0
CHEVROLET,SONIC,COMPACT,1.4,4.0,MT,휘발유,11.2,14.3,189.0
CHEVROLET,SONIC,STATION WAGON ,1.4,4.0,MT,휘발유,11.8,16.1,175.0
CHEVROLET,SONIC,STATION WAGON ,1.8,4.0,MT,휘발유,11.1,14.7,187.0
CHEVROLET,SONIC,STATION WAGON ,1.4,4.0,MT,휘발유,11.2,14.3,189.0
CHEVROLET,SPARK,SUBCOMPACT,1.4,4.0,MT,휘발유,12.8,17.2,162.0
CHEVROLET,TRAX,SUV ,1.4,4.0,MT,휘발유,11.0,14.5,190.0
CHEVROLET,CAMARO,SUBCOMPACT,2.0,4.0,MT,고급유,8.4,12.5,236.0
CHEVROLET,CAMARO,SUBCOMPACT,3.6,6.0,MT,휘발유,6.9,11.9,274.0
CHEVROLET,CAMARO,SUBCOMPACT,6.2,8.0,MT,고급유,7.0,10.6,284.0
CHEVROLET,CAMARO,SUBCOMPACT,6.2,8.0,MT,고급유,5.8,8.3,349.0
CHEVROLET,COLORADO,PICKUP TRUCK ,2.5,4.0,MT,휘발유,8.2,10.9,254.0
CHEVROLET,CORVETTE,TWO_SEATER,6.2,8.0,MT,고급유,7.0,11.1,278.0
CHEVROLET,CORVETTE,TWO_SEATER,6.2,8.0,MT,고급유,6.4,9.4,312.0
CHEVROLET,CRUZE,COMPACT,1.4,4.0,MT,휘발유,12.0,16.7,170.0
CHEVROLET,CRUZE,COMPACT,1.6,4.0,MT,경유,13.0,22.2,169.0
CHEVROLET,CRUZE,COMPACT,1.4,4.0,MT,휘발유,12.0,15.6,173.0
CHEVROLET,SONIC,COMPACT,1.4,4.0,MT,휘발유,11.9,15.9,174.0
CHEVROLET,SONIC,COMPACT,1.8,4.0,MT,휘발유,10.9,14.1,194.0
CHEVROLET,SONIC,STATION WAGON ,1.4,4.0,MT,휘발유,11.9,15.9,174.0
CHEVROLET,SONIC,STATION WAGON ,1.8,4.0,MT,휘발유,10.9,14.1,194.0
CHEVROLET,SPARK,SUBCOMPACT,1.4,4.0,MT,휘발유,12.5,16.1,168.0
CHEVROLET,TRAX,SUV ,1.4,4.0,MT,휘발유,10.9,14.1,194.0
CHEVROLET,CAMARO,SUBCOMPACT,2.0,4.0,MT,고급유,8.4,12.7,235.0
CHEVROLET,CAMARO,SUBCOMPACT,3.6,6.0,MT,휘발유,6.9,11.9,274.0
CHEVROLET,CAMARO,SUBCOMPACT,6.2,8.0,MT,고급유,7.0,10.6,284.0
CHEVROLET,CAMARO,SUBCOMPACT,6.2,8.0,MT,고급유,5.8,8.3,348.0
CHEVROLET,COLORADO,PICKUP TRUCK ,2.5,4.0,MT,휘발유,8.4,10.9,251.0
CHEVROLET,CORVETTE,TWO_SEATER,6.2,8.0,MT,고급유,7.0,11.1,278.0
CHEVROLET,CORVETTE,TWO_SEATER,6.2,8.0,MT,고급유,6.4,9.4,312.0
CHEVROLET,CRUZE,COMPACT,1.4,4.0,MT,휘발유,11.6,17.2,172.0
CHEVROLET,CRUZE,COMPACT,1.6,4.0,MT,경유,12.8,21.7,170.0
CHEVROLET,CRUZE,MID_SIZE,1.4,4.0,MT,휘발유,11.6,16.1,175.0
CHEVROLET,CRUZE,MID_SIZE,1.6,4.0,MT,경유,12.3,20.4,180.0
CHEVROLET,SONIC,COMPACT,1.4,4.0,MT,휘발유,11.9,15.9,174.0
CHEVROLET,SONIC,COMPACT,1.8,4.0,MT,휘발유,10.9,14.7,190.0
CHEVROLET,SONIC,STATION WAGON ,1.4,4.0,MT,휘발유,11.9,15.9,174.0
CHEVROLET,SONIC,STATION WAGON ,1.8,4.0,MT,휘발유,10.9,14.7,190.0
CHEVROLET,SPARK,SUBCOMPACT,1.4,4.0,MT,휘발유,12.5,16.7,166.0
CHEVROLET,TRAX,SUV ,1.4,4.0,MT,휘발유,10.9,14.1,194.0
CHEVROLET,CAMARO,SUBCOMPACT,2.0,4.0,MT,고급유,8.4,12.7,235.0
CHEVROLET,CAMARO,SUBCOMPACT,3.6,6.0,MT,휘발유,7.0,11.4,277.0
CHEVROLET,CAMARO,SUBCOMPACT,6.2,8.0,MT,고급유,6.7,10.1,297.0
CHEVROLET,CAMARO,SUBCOMPACT,6.2,8.0,MT,고급유,5.8,8.3,349.0
CHEVROLET,COLORADO,PICKUP TRUCK ,2.5,4.0,MT,휘발유,8.4,10.9,251.0
CHEVROLET,CORVETTE,TWO_SEATER,6.2,8.0,MT,고급유,6.8,10.8,286.0
CHEVROLET,CORVETTE,TWO_SEATER,6.2,8.0,MT,고급유,6.3,9.4,318.0
CHEVROLET,CORVETTE,TWO_SEATER,6.2,8.0,MT,고급유,5.5,8.0,368.0
CHEVROLET,SPARK,SUBCOMPACT,1.4,4.0,MT,휘발유,12.5,16.1,170.0
CHEVROLET,TRAX,SUV ,1.4,4.0,MT,휘발유,10.6,14.5,194.0
CHEVROLET,CAMARO,SUBCOMPACT,2.0,4.0,MT,고급유,8.4,12.7,235.0
CHEVROLET,CAMARO,SUBCOMPACT,3.6,6.0,MT,휘발유,7.0,11.1,280.0
CHEVROLET,CAMARO,SUBCOMPACT,6.2,8.0,MT,고급유,6.7,10.1,296.0
CHEVROLET,CAMARO,SUBCOMPACT,6.2,8.0,MT,고급유,5.8,8.3,349.0
CHEVROLET,SPARK,SUBCOMPACT,1.4,4.0,MT,휘발유,12.5,16.1,170.0
GENESIS,G70,COMPACT,2.0,4.0,MT,고급유,7.8,11.8,255.0
GENESIS,G70,COMPACT,2.0,4.0,MT,고급유,7.8,11.8,255.0
GMC,CANYON,PICKUP TRUCK ,2.5,4.0,MT,휘발유,8.2,11.0,248.0
GMC,CANYON,PICKUP TRUCK ,2.5,4.0,MT,휘발유,8.2,11.0,253.0
GMC,CANYON,PICKUP TRUCK ,2.5,4.0,MT,휘발유,8.2,10.9,254.0
GMC,CANYON,PICKUP TRUCK ,2.5,4.0,MT,휘발유,8.4,10.9,251.0
GMC,CANYON,PICKUP TRUCK ,2.5,4.0,MT,휘발유,8.4,10.9,251.0
HONDA,ACCORD,MID_SIZE,2.4,4.0,MT,휘발유,9.9,14.5,200.0
HONDA,ACCORD,MID_SIZE,3.5,6.0,MT,휘발유,7.7,11.9,251.0
HONDA,CIVIC,COMPACT,1.8,4.0,MT,휘발유,11.8,15.2,175.0
HONDA,CR-Z,TWO_SEATER,1.5,4.0,MT,휘발유,13.2,16.4,159.0
HONDA,FIT,STATION WAGON ,1.5,4.0,MT,휘발유,12.0,14.5,177.0
HONDA,ACCORD,MID_SIZE,2.4,4.0,MT,휘발유,9.9,14.5,200.0
HONDA,ACCORD,MID_SIZE,3.5,6.0,MT,휘발유,7.7,11.9,251.0
HONDA,CIVIC,COMPACT,1.8,4.0,MT,휘발유,11.6,15.2,177.0
HONDA,CIVIC,COMPACT,2.4,4.0,MT,고급유,9.3,13.2,216.0
HONDA,CR-Z,TWO_SEATER,1.5,4.0,MT,휘발유,13.2,16.4,159.0
HONDA,FIT,STATION WAGON ,1.5,4.0,MT,휘발유,12.3,15.6,168.0
HONDA,ACCORD,MID_SIZE,2.4,4.0,MT,휘발유,9.7,13.9,207.0
HONDA,ACCORD,MID_SIZE,3.5,6.0,MT,휘발유,7.8,12.0,253.0
HONDA,CIVIC,COMPACT,2.0,4.0,MT,휘발유,11.2,16.4,179.0
HONDA,CIVIC,MID_SIZE,2.0,4.0,MT,휘발유,11.4,16.9,176.0
HONDA,CR-Z,TWO_SEATER,1.5,4.0,MT,휘발유,12.7,15.4,169.0
HONDA,FIT,STATION WAGON ,1.5,4.0,MT,휘발유,12.3,15.6,171.0
HONDA,HR-V,SUV ,1.8,4.0,MT,휘발유,10.8,14.3,193.0
HONDA,ACCORD,MID_SIZE,2.4,4.0,MT,휘발유,9.6,13.5,210.0
HONDA,ACCORD,MID_SIZE,3.5,6.0,MT,휘발유,7.8,11.9,254.0
HONDA,CIVIC,COMPACT,1.5,4.0,MT,휘발유,13.0,17.5,159.0
HONDA,CIVIC,COMPACT,2.0,4.0,MT,휘발유,11.8,16.4,173.0
HONDA,CIVIC,MID_SIZE,2.0,4.0,MT,휘발유,11.8,16.7,172.0
HONDA,CIVIC,FULL_SIZE,1.5,4.0,MT,휘발유,12.5,16.1,167.0
HONDA,CIVIC,FULL_SIZE,1.5,4.0,MT,고급유,12.5,16.1,167.0
HONDA,FIT,STATION WAGON ,1.5,4.0,MT,휘발유,12.3,15.2,174.0
HONDA,HR-V,STATION WAGON ,1.8,4.0,MT,휘발유,10.6,14.1,195.0
HONDA,ACCORD,FULL_SIZE,1.5,4.0,MT,휘발유,11.2,14.9,185.0
HONDA,ACCORD,FULL_SIZE,2.0,4.0,MT,휘발유,9.3,13.7,214.0
HONDA,CIVIC,COMPACT,1.5,4.0,MT,휘발유,13.0,17.5,158.0
HONDA,CIVIC,COMPACT,2.0,4.0,MT,휘발유,11.8,16.4,173.0
HONDA,CIVIC,COMPACT,1.5,4.0,MT,고급유,11.9,16.1,173.0
HONDA,CIVIC,FULL_SIZE,1.5,4.0,MT,휘발유,12.5,16.1,167.0
HONDA,CIVIC,FULL_SIZE,1.5,4.0,MT,고급유,12.5,16.1,167.0
HONDA,CIVIC,MID_SIZE,2.0,4.0,MT,휘발유,11.8,16.7,172.0
HONDA,CIVIC,MID_SIZE,1.5,4.0,MT,고급유,11.9,16.1,173.0
HONDA,CIVIC,FULL_SIZE,2.0,4.0,MT,고급유,9.4,12.0,224.0
HONDA,FIT,STATION WAGON ,1.5,4.0,MT,휘발유,12.3,15.2,174.0
HONDA,HR-V,STATION WAGON ,1.8,4.0,MT,휘발유,10.6,14.1,195.0
HONDA,ACCORD,FULL_SIZE,1.5,4.0,MT,휘발유,11.2,14.9,185.0
HONDA,ACCORD,FULL_SIZE,2.0,4.0,MT,휘발유,9.3,13.7,214.0
HONDA,CIVIC,COMPACT,2.0,4.0,MT,휘발유,10.8,14.9,189.0
HONDA,CIVIC,COMPACT,1.5,4.0,MT,고급유,11.9,16.1,173.0
HONDA,CIVIC,FULL_SIZE,1.5,4.0,MT,휘발유,12.5,16.1,167.0
HONDA,CIVIC,FULL_SIZE,1.5,4.0,MT,고급유,12.5,16.1,167.0
HONDA,CIVIC,MID_SIZE,2.0,4.0,MT,휘발유,10.8,15.4,186.0
HONDA,CIVIC,MID_SIZE,1.5,4.0,MT,고급유,11.9,16.1,173.0
HONDA,CIVIC,FULL_SIZE,2.0,4.0,MT,고급유,9.4,12.0,224.0
HONDA,FIT,STATION WAGON ,1.5,4.0,MT,휘발유,12.3,15.2,174.0
HONDA,ACCORD,FULL_SIZE,1.5,4.0,MT,휘발유,11.2,14.9,185.0
HONDA,ACCORD,FULL_SIZE,2.0,4.0,MT,휘발유,9.3,13.7,214.0
HONDA,CIVIC,COMPACT,2.0,4.0,MT,휘발유,10.8,14.9,189.0
HONDA,CIVIC,COMPACT,1.5,4.0,MT,고급유,11.2,15.6,183.0
HONDA,CIVIC,FULL_SIZE,1.5,4.0,MT,휘발유,12.5,16.1,167.0
HONDA,CIVIC,FULL_SIZE,1.5,4.0,MT,고급유,12.5,16.1,167.0
HONDA,CIVIC,MID_SIZE,2.0,4.0,MT,휘발유,10.8,15.4,186.0
HONDA,CIVIC,MID_SIZE,1.5,4.0,MT,고급유,11.2,15.6,183.0
HONDA,CIVIC,FULL_SIZE,2.0,4.0,MT,고급유,9.5,11.9,223.0
HONDA,FIT,STATION WAGON ,1.5,4.0,MT,휘발유,12.3,15.2,174.0
HYUNDAI,ACCENT,COMPACT,1.6,4.0,MT,휘발유,11.5,15.6,177.0
HYUNDAI,ELANTRA,MID_SIZE,2.0,4.0,MT,휘발유,10.2,14.3,196.0
HYUNDAI,TUCSON,SUV ,2.0,4.0,MT,휘발유,8.8,11.6,232.0
HYUNDAI,VELOSTER,COMPACT,1.6,4.0,MT,휘발유,11.0,14.9,184.0
HYUNDAI,VELOSTER,COMPACT,1.6,4.0,MT,휘발유,10.3,14.1,196.0
HYUNDAI,ACCENT,COMPACT,1.6,4.0,MT,휘발유,11.5,15.9,175.0
HYUNDAI,ELANTRA,MID_SIZE,1.8,4.0,MT,휘발유,11.4,15.6,177.0
HYUNDAI,ELANTRA,MID_SIZE,2.0,4.0,MT,휘발유,10.3,14.9,191.0
HYUNDAI,ELANTRA,MID_SIZE,2.0,4.0,MT,휘발유,10.2,14.5,196.0
HYUNDAI,GENESIS,SUBCOMPACT,3.8,6.0,MT,고급유,6.9,10.1,285.0
HYUNDAI,TUCSON,SUV ,2.0,4.0,MT,휘발유,8.8,11.8,232.0
HYUNDAI,VELOSTER,COMPACT,1.6,4.0,MT,휘발유,11.1,14.9,184.0
HYUNDAI,VELOSTER,COMPACT,1.6,4.0,MT,휘발유,10.3,14.3,196.0
HYUNDAI,ACCENT,COMPACT,1.6,4.0,MT,휘발유,11.5,15.9,176.0
HYUNDAI,ELANTRA,MID_SIZE,1.8,4.0,MT,휘발유,11.4,15.6,180.0
HYUNDAI,ELANTRA,MID_SIZE,2.0,4.0,MT,휘발유,10.2,14.3,198.0
HYUNDAI,ELANTRA,MID_SIZE,2.0,4.0,MT,휘발유,10.2,14.1,202.0
HYUNDAI,GENESIS,SUBCOMPACT,3.8,6.0,MT,고급유,7.1,10.4,283.0
HYUNDAI,VELOSTER,COMPACT,1.6,4.0,MT,휘발유,11.4,14.9,186.0
HYUNDAI,VELOSTER,COMPACT,1.6,4.0,MT,휘발유,10.6,14.3,197.0
HYUNDAI,ACCENT,COMPACT,1.6,4.0,MT,휘발유,11.4,15.4,184.0
HYUNDAI,ELANTRA,MID_SIZE,2.0,4.0,MT,휘발유,11.0,15.2,187.0
HYUNDAI,ELANTRA,MID_SIZE,2.0,4.0,MT,휘발유,10.2,13.9,204.0
HYUNDAI,VELOSTER,COMPACT,1.6,4.0,MT,휘발유,11.2,14.5,188.0
HYUNDAI,VELOSTER,COMPACT,1.6,4.0,MT,휘발유,10.6,13.9,200.0
HYUNDAI,ACCENT,COMPACT,1.6,4.0,MT,휘발유,12.2,15.9,173.0
HYUNDAI,ELANTRA,MID_SIZE,1.6,4.0,MT,휘발유,9.3,12.8,221.0
HYUNDAI,ELANTRA,MID_SIZE,2.0,4.0,MT,휘발유,10.8,15.6,188.0
HYUNDAI,ELANTRA,FULL_SIZE,1.6,4.0,MT,휘발유,9.3,12.3,226.0
HYUNDAI,ELANTRA,FULL_SIZE,2.0,4.0,MT,휘발유,10.2,13.7,205.0
HYUNDAI,ACCENT,COMPACT,1.6,4.0,MT,휘발유,12.2,15.9,173.0
HYUNDAI,ELANTRA,MID_SIZE,1.6,4.0,MT,휘발유,9.3,12.8,221.0
HYUNDAI,ELANTRA,MID_SIZE,2.0,4.0,MT,휘발유,10.9,15.4,188.0
HYUNDAI,ELANTRA,FULL_SIZE,1.6,4.0,MT,휘발유,9.7,12.7,218.0
HYUNDAI,ELANTRA,FULL_SIZE,2.0,4.0,MT,휘발유,10.2,13.5,207.0
HYUNDAI,VELOSTER,COMPACT,2.0,4.0,MT,휘발유,10.6,14.1,198.0
HYUNDAI,VELOSTER,COMPACT,2.0,4.0,MT,휘발유,9.4,12.0,226.0
HYUNDAI,VELOSTER,COMPACT,1.6,4.0,MT,휘발유,10.6,14.3,197.0
HYUNDAI,ACCENT,COMPACT,1.6,4.0,MT,휘발유,12.8,16.4,168.0
HYUNDAI,ELANTRA,MID_SIZE,1.6,4.0,MT,휘발유,9.9,13.2,214.0
HYUNDAI,ELANTRA,MID_SIZE,2.0,4.0,MT,휘발유,11.0,15.9,187.0
HYUNDAI,ELANTRA,FULL_SIZE,1.6,4.0,MT,휘발유,9.7,12.7,218.0
HYUNDAI,ELANTRA,FULL_SIZE,2.0,4.0,MT,휘발유,10.2,13.5,207.0
HYUNDAI,VELOSTER,COMPACT,1.6,4.0,MT,휘발유,10.6,14.3,196.0
HYUNDAI,VELOSTER,COMPACT,2.0,4.0,MT,휘발유,9.4,12.0,226.0
HYUNDAI,VENUE,MID_SIZE,1.6,4.0,MT,휘발유,11.6,14.7,184.0
INFINITI,Q60,SUBCOMPACT,3.7,6.0,MT,고급유,7.0,10.2,283.0
INFINITI,Q60,SUBCOMPACT,3.7,6.0,MT,고급유,7.4,10.8,267.0
INFINITI,Q60,SUBCOMPACT,3.7,6.0,MT,고급유,7.4,10.8,267.0
INFINITI,Q60,SUBCOMPACT,3.7,6.0,MT,고급유,7.0,10.2,283.0
JEEP,COMPASS,SUV ,2.0,4.0,MT,휘발유,9.8,12.8,209.0
JEEP,COMPASS,SUV ,2.4,4.0,MT,휘발유,9.7,12.0,216.0
JEEP,COMPASS,SUV ,2.4,4.0,MT,휘발유,9.7,11.9,216.0
JEEP,PATRIOT,SUV ,2.0,4.0,MT,휘발유,9.8,12.8,209.0
JEEP,PATRIOT,SUV ,2.4,4.0,MT,휘발유,9.7,12.0,216.0
JEEP,PATRIOT,SUV ,2.4,4.0,MT,휘발유,9.7,11.9,216.0
JEEP,WRANGLER,SUV ,3.6,6.0,MT,휘발유,7.0,9.1,294.0
JEEP,WRANGLER,SUV ,3.6,6.0,MT,휘발유,6.7,8.8,308.0
JEEP,COMPASS,SUV ,2.0,4.0,MT,휘발유,9.8,12.8,212.0
JEEP,COMPASS,SUV ,2.4,4.0,MT,휘발유,9.8,12.2,214.0
JEEP,COMPASS,SUV ,2.4,4.0,MT,휘발유,9.4,11.6,223.0
JEEP,PATRIOT,SUV ,2.0,4.0,MT,휘발유,9.8,12.8,212.0
JEEP,PATRIOT,SUV ,2.4,4.0,MT,휘발유,9.8,12.2,214.0
JEEP,PATRIOT,SUV ,2.4,4.0,MT,휘발유,9.4,11.6,223.0
JEEP,RENEGADE,SUV ,1.4,4.0,MT,휘발유,10.1,13.3,202.0
JEEP,RENEGADE,SUV ,1.4,4.0,MT,휘발유,10.1,13.3,202.0
JEEP,WRANGLER,SUV ,3.6,6.0,MT,휘발유,7.0,9.1,294.0
JEEP,WRANGLER,SUV ,3.6,6.0,MT,휘발유,6.7,8.8,308.0
JEEP,COMPASS,SUV ,2.0,4.0,MT,휘발유,9.7,12.8,214.0
JEEP,COMPASS,SUV ,2.4,4.0,MT,휘발유,9.8,12.2,218.0
JEEP,COMPASS,SUV ,2.4,4.0,MT,휘발유,9.4,11.6,228.0
JEEP,PATRIOT,SUV ,2.0,4.0,MT,휘발유,9.7,12.8,214.0
JEEP,PATRIOT,SUV ,2.4,4.0,MT,휘발유,9.8,12.2,218.0
JEEP,PATRIOT,SUV ,2.4,4.0,MT,휘발유,9.4,11.6,228.0
JEEP,RENEGADE,SUV ,1.4,4.0,MT,휘발유,10.1,13.3,207.0
JEEP,RENEGADE,SUV ,1.4,4.0,MT,휘발유,10.1,13.3,203.0
JEEP,WRANGLER,SUV ,3.6,6.0,MT,휘발유,7.0,9.1,299.0
JEEP,WRANGLER,SUV ,3.6,6.0,MT,휘발유,6.7,8.8,312.0
JEEP,COMPASS,SUV ,2.0,4.0,MT,휘발유,9.7,12.7,216.0
JEEP,COMPASS,SUV ,2.4,4.0,MT,휘발유,9.8,12.0,219.0
JEEP,COMPASS,SUV ,2.4,4.0,MT,휘발유,9.4,11.5,230.0
JEEP,NEW,SUV ,2.4,4.0,MT,휘발유,9.6,13.7,211.0
JEEP,NEW,SUV ,2.4,4.0,MT,휘발유,9.3,13.2,221.0
JEEP,PATRIOT,SUV ,2.0,4.0,MT,휘발유,9.7,12.7,216.0
JEEP,PATRIOT,SUV ,2.4,4.0,MT,휘발유,9.8,12.0,219.0
JEEP,PATRIOT,SUV ,2.4,4.0,MT,휘발유,9.4,11.5,230.0
JEEP,RENEGADE,SUV ,1.4,4.0,MT,휘발유,10.1,13.0,209.0
JEEP,RENEGADE,SUV ,1.4,4.0,MT,휘발유,10.1,13.0,211.0
JEEP,WRANGLER,SUV ,3.6,6.0,MT,휘발유,7.0,9.1,298.0
JEEP,WRANGLER,SUV ,3.6,6.0,MT,휘발유,6.7,8.8,312.0
JEEP,COMPASS,SUV ,2.4,4.0,MT,휘발유,9.6,13.7,211.0
JEEP,COMPASS,SUV ,2.4,4.0,MT,휘발유,9.3,13.2,221.0
JEEP,NEW,SUV ,3.6,6.0,MT,휘발유,7.3,10.4,277.0
JEEP,NEW,SUV ,3.6,6.0,MT,휘발유,7.2,9.9,285.0
JEEP,RENEGADE,SUV ,1.4,4.0,MT,휘발유,10.1,13.0,209.0
JEEP,RENEGADE,SUV ,1.4,4.0,MT,휘발유,10.1,13.0,211.0
JEEP,WRANGLER,SUV ,3.6,6.0,MT,휘발유,7.0,9.1,298.0
JEEP,WRANGLER,SUV ,3.6,6.0,MT,휘발유,6.7,8.8,312.0
JEEP,COMPASS,SUV ,2.4,4.0,MT,휘발유,9.6,13.7,211.0
JEEP,COMPASS,SUV ,2.4,4.0,MT,휘발유,9.3,13.2,221.0
JEEP,WRANGLER,SUV ,3.6,6.0,MT,휘발유,7.3,10.4,277.0
JEEP,WRANGLER,SUV ,3.6,6.0,MT,휘발유,7.2,9.9,285.0
JEEP,COMPASS,SUV ,2.4,4.0,MT,휘발유,9.6,13.7,211.0
JEEP,COMPASS,SUV ,2.4,4.0,MT,휘발유,9.3,13.2,221.0
JEEP,GLADIATOR,PICKUP TRUCK ,3.6,6.0,MT,휘발유,7.0,9.6,296.0
JEEP,WRANGLER,SUV ,3.6,6.0,MT,휘발유,7.3,10.4,277.0
JEEP,WRANGLER,SUV ,3.6,6.0,MT,휘발유,7.2,9.9,285.0
KIA,FORTE,MID_SIZE,1.8,4.0,MT,휘발유,10.8,15.6,184.0
KIA,FORTE,MID_SIZE,2.0,4.0,MT,휘발유,10.3,14.7,193.0
KIA,FORTE,FULL_SIZE,1.6,4.0,MT,휘발유,9.0,12.2,225.0
KIA,FORTE,COMPACT,1.6,4.0,MT,휘발유,9.3,12.3,221.0
KIA,FORTE,COMPACT,2.0,4.0,MT,휘발유,10.2,13.9,198.0
KIA,RIO,COMPACT,1.6,4.0,MT,휘발유,11.5,15.6,177.0
KIA,RONDO,STATION WAGON ,2.0,4.0,MT,휘발유,9.3,13.5,214.0
KIA,SOUL,STATION WAGON ,1.6,4.0,MT,휘발유,10.1,12.8,207.0
KIA,SPORTAGE,SUV ,2.4,4.0,MT,휘발유,7.8,10.8,260.0
KIA,FORTE,MID_SIZE,1.8,4.0,MT,휘발유,10.8,15.9,182.0
KIA,FORTE,MID_SIZE,2.0,4.0,MT,휘발유,10.2,14.5,196.0
KIA,FORTE,FULL_SIZE,1.6,4.0,MT,휘발유,9.0,12.2,225.0
KIA,FORTE,FULL_SIZE,2.0,4.0,MT,휘발유,10.3,14.5,193.0
KIA,FORTE,COMPACT,1.6,4.0,MT,휘발유,9.3,12.3,221.0
KIA,FORTE,COMPACT,2.0,4.0,MT,휘발유,10.0,13.5,202.0
KIA,RIO,COMPACT,1.6,4.0,MT,휘발유,11.5,15.6,177.0
KIA,RONDO,STATION WAGON ,2.0,4.0,MT,휘발유,9.3,13.5,214.0
KIA,SOUL,STATION WAGON ,1.6,4.0,MT,휘발유,10.1,12.8,207.0
KIA,SPORTAGE,SUV ,2.4,4.0,MT,휘발유,7.8,10.9,260.0
KIA,FORTE,MID_SIZE,1.8,4.0,MT,휘발유,10.8,15.9,186.0
KIA,FORTE,MID_SIZE,2.0,4.0,MT,휘발유,10.2,14.5,198.0
KIA,FORTE,FULL_SIZE,1.6,4.0,MT,휘발유,9.0,12.2,227.0
KIA,FORTE,FULL_SIZE,2.0,4.0,MT,휘발유,10.3,14.5,197.0
KIA,FORTE,COMPACT,1.6,4.0,MT,휘발유,9.3,12.3,222.0
KIA,FORTE,COMPACT,2.0,4.0,MT,휘발유,10.0,13.5,206.0
KIA,RIO,COMPACT,1.6,4.0,MT,휘발유,11.4,15.6,179.0
KIA,RONDO,STATION WAGON ,2.0,4.0,MT,휘발유,9.6,12.8,220.0
KIA,SOUL,STATION WAGON ,1.6,4.0,MT,휘발유,10.1,12.8,208.0
KIA,SPORTAGE,SUV ,2.4,4.0,MT,휘발유,7.8,10.9,261.0
KIA,FORTE,MID_SIZE,2.0,4.0,MT,휘발유,10.6,14.7,195.0
KIA,FORTE,FULL_SIZE,2.0,4.0,MT,휘발유,10.2,13.7,204.0
KIA,FORTE,COMPACT,1.6,4.0,MT,휘발유,9.9,12.5,216.0
KIA,FORTE,COMPACT,2.0,4.0,MT,휘발유,10.1,13.2,209.0
KIA,RIO,COMPACT,1.6,4.0,MT,휘발유,11.4,15.2,181.0
KIA,SOUL,STATION WAGON ,1.6,4.0,MT,휘발유,10.3,12.8,208.0
KIA,FORTE,MID_SIZE,2.0,4.0,MT,휘발유,10.6,14.7,195.0
KIA,FORTE,FULL_SIZE,2.0,4.0,MT,휘발유,10.2,13.7,204.0
KIA,RIO,COMPACT,1.6,4.0,MT,휘발유,12.0,15.6,175.0
KIA,FORTE,MID_SIZE,2.0,4.0,MT,휘발유,11.6,15.6,180.0
KIA,RIO,COMPACT,1.6,4.0,MT,휘발유,12.0,15.6,175.0
KIA,FORTE,MID_SIZE,2.0,4.0,MT,휘발유,11.6,15.6,180.0
KIA,RIO,COMPACT,1.6,4.0,MT,휘발유,12.8,16.7,167.0
KIA,SOUL,STATION WAGON ,2.0,4.0,MT,휘발유,10.4,13.2,206.0
LAMBORGHINI,GALLARDO,TWO_SEATER,5.2,10.0,MT,고급유,4.9,7.4,400.0
MERCEDES-BENZ,SLK,TWO_SEATER,1.8,4.0,MT,고급유,9.6,13.7,207.0
MERCEDES-BENZ,SLK,TWO_SEATER,1.8,4.0,MT,고급유,9.6,13.9,207.0
MINI,COOPER,SUBCOMPACT,1.6,4.0,MT,고급유,11.6,14.7,179.0
MINI,COOPER,MINICOMPACT,1.6,4.0,MT,고급유,11.6,14.7,179.0
MINI,COOPER,COMPACT,1.6,4.0,MT,고급유,11.6,14.7,179.0
MINI,COOPER,TWO_SEATER,1.6,4.0,MT,고급유,12.5,15.6,168.0
MINI,COOPER,COMPACT,1.6,4.0,MT,고급유,11.6,14.7,179.0
MINI,COOPER,TWO_SEATER,1.6,4.0,MT,고급유,11.6,14.7,179.0
MINI,COOPER,SUBCOMPACT,1.6,4.0,MT,고급유,11.0,14.9,184.0
MINI,COOPER,MINICOMPACT,1.6,4.0,MT,고급유,11.0,14.9,184.0
MINI,COOPER,COMPACT,1.6,4.0,MT,고급유,10.8,13.3,196.0
MINI,COOPER,TWO_SEATER,1.6,4.0,MT,고급유,11.0,14.9,184.0
MINI,COOPER,COMPACT,1.6,4.0,MT,고급유,10.8,13.3,196.0
MINI,COOPER,TWO_SEATER,1.6,4.0,MT,고급유,11.0,14.9,184.0
MINI,JOHN,SUBCOMPACT,1.6,4.0,MT,고급유,11.0,14.9,184.0
MINI,JOHN,MINICOMPACT,1.6,4.0,MT,고급유,11.0,14.9,184.0
MINI,JOHN,COMPACT,1.6,4.0,MT,고급유,10.8,13.3,196.0
MINI,JOHN,TWO_SEATER,1.6,4.0,MT,고급유,11.0,14.9,184.0
MINI,JOHN,COMPACT,1.6,4.0,MT,고급유,10.8,13.3,196.0
MINI,JOHN,TWO_SEATER,1.6,4.0,MT,고급유,11.0,14.9,184.0
MINI,COOPER,SUBCOMPACT,1.5,3.0,MT,고급유,12.3,16.9,163.0
MINI,COOPER,SUBCOMPACT,1.5,3.0,MT,고급유,12.2,16.9,166.0
MINI,COOPER,MINICOMPACT,1.6,4.0,MT,고급유,11.9,15.6,172.0
MINI,COOPER,COMPACT,1.6,4.0,MT,고급유,11.9,15.6,172.0
MINI,COOPER,TWO_SEATER,1.6,4.0,MT,고급유,12.5,15.6,168.0
MINI,COOPER,COMPACT,1.6,4.0,MT,고급유,11.9,15.6,172.0
MINI,COOPER,TWO_SEATER,1.6,4.0,MT,고급유,11.9,15.6,172.0
MINI,COOPER,SUBCOMPACT,2.0,4.0,MT,고급유,10.0,14.3,198.0
MINI,COOPER,SUBCOMPACT,2.0,4.0,MT,고급유,10.0,14.3,198.0
MINI,COOPER,MINICOMPACT,1.6,4.0,MT,고급유,11.0,14.7,186.0
MINI,COOPER,COMPACT,1.6,4.0,MT,고급유,10.5,13.0,200.0
MINI,COOPER,TWO_SEATER,1.6,4.0,MT,고급유,11.0,14.7,186.0
MINI,COOPER,COMPACT,1.6,4.0,MT,고급유,10.5,13.0,200.0
MINI,COOPER,TWO_SEATER,1.6,4.0,MT,고급유,11.0,14.7,186.0
MINI,JOHN,SUBCOMPACT,2.0,4.0,MT,고급유,9.6,13.0,212.0
MINI,JOHN,MINICOMPACT,1.6,4.0,MT,고급유,11.0,14.7,186.0
MINI,JOHN,COMPACT,1.6,4.0,MT,고급유,10.5,13.0,200.0
MINI,JOHN,TWO_SEATER,1.6,4.0,MT,고급유,11.0,14.7,186.0
MINI,JOHN,COMPACT,1.6,4.0,MT,고급유,10.5,13.0,200.0
MINI,JOHN,TWO_SEATER,1.6,4.0,MT,고급유,11.0,14.7,186.0
MINI,COOPER,SUBCOMPACT,1.5,3.0,MT,고급유,11.9,16.7,172.0
MINI,COOPER,SUBCOMPACT,1.5,3.0,MT,고급유,12.2,16.7,170.0
MINI,COOPER,MID_SIZE,1.5,3.0,MT,고급유,10.5,15.2,194.0
MINI,COOPER,MINICOMPACT,1.5,3.0,MT,고급유,12.2,16.7,170.0
MINI,COOPER,SUBCOMPACT,2.0,4.0,MT,고급유,10.0,14.3,203.0
MINI,COOPER,SUBCOMPACT,2.0,4.0,MT,고급유,10.0,14.3,203.0
MINI,COOPER,MID_SIZE,2.0,4.0,MT,고급유,9.4,13.5,215.0
MINI,COOPER,MINICOMPACT,2.0,4.0,MT,고급유,10.0,14.3,203.0
MINI,COOPER,COMPACT,1.6,4.0,MT,고급유,10.6,13.2,201.0
MINI,COOPER,COMPACT,1.6,4.0,MT,고급유,10.6,13.2,201.0
MINI,JOHN,SUBCOMPACT,2.0,4.0,MT,고급유,9.6,13.0,214.0
MINI,JOHN,COMPACT,1.6,4.0,MT,고급유,10.6,13.2,201.0
MINI,JOHN,COMPACT,1.6,4.0,MT,고급유,10.6,13.2,201.0
MINI,COOPER,SUBCOMPACT,1.5,3.0,MT,고급유,11.8,16.1,175.0
MINI,COOPER,SUBCOMPACT,1.5,3.0,MT,고급유,11.8,15.9,175.0
MINI,COOPER,MID_SIZE,1.5,3.0,MT,고급유,10.4,14.3,197.0
MINI,COOPER,MID_SIZE,1.5,3.0,MT,고급유,9.4,13.5,214.0
MINI,COOPER,MINICOMPACT,1.5,3.0,MT,고급유,11.8,15.9,175.0
MINI,COOPER,MID_SIZE,1.5,3.0,MT,고급유,10.4,14.3,197.0
MINI,COOPER,MID_SIZE,1.5,3.0,MT,고급유,9.4,13.5,214.0
MINI,COOPER,SUBCOMPACT,2.0,4.0,MT,고급유,9.8,13.7,210.0
MINI,COOPER,SUBCOMPACT,2.0,4.0,MT,고급유,9.8,13.7,210.0
MINI,COOPER,MID_SIZE,2.0,4.0,MT,고급유,9.3,13.0,220.0
MINI,COOPER,MID_SIZE,2.0,4.0,MT,고급유,8.8,12.8,227.0
MINI,COOPER,MINICOMPACT,2.0,4.0,MT,고급유,9.8,13.7,210.0
MINI,COOPER,MID_SIZE,2.0,4.0,MT,고급유,8.8,13.0,227.0
MINI,JOHN,SUBCOMPACT,2.0,4.0,MT,고급유,9.8,13.7,210.0
MINI,JOHN,MID_SIZE,2.0,4.0,MT,고급유,8.8,12.8,227.0
MINI,JOHN,MINICOMPACT,2.0,4.0,MT,고급유,9.3,13.0,220.0
MINI,COOPER,SUBCOMPACT,1.5,3.0,MT,고급유,11.8,16.1,175.0
MINI,COOPER,SUBCOMPACT,1.5,3.0,MT,고급유,11.9,15.9,174.0
MINI,COOPER,MID_SIZE,1.5,3.0,MT,고급유,9.5,13.5,214.0
MINI,COOPER,MINICOMPACT,1.5,3.0,MT,고급유,11.9,15.9,174.0
MINI,COOPER,STATION WAGON ,1.5,3.0,MT,고급유,9.5,13.5,214.0
MINI,COOPER,SUBCOMPACT,2.0,4.0,MT,고급유,9.7,13.5,210.0
MINI,COOPER,SUBCOMPACT,2.0,4.0,MT,고급유,9.7,13.5,210.0
MINI,COOPER,MID_SIZE,2.0,4.0,MT,고급유,8.8,12.8,227.0
MINI,COOPER,MINICOMPACT,2.0,4.0,MT,고급유,9.7,13.5,210.0
MINI,COOPER,MID_SIZE,2.0,4.0,MT,고급유,8.8,13.0,227.0
MINI,JOHN,SUBCOMPACT,2.0,4.0,MT,고급유,9.7,13.5,210.0
MINI,JOHN,MID_SIZE,2.0,4.0,MT,고급유,8.8,13.2,228.0
MINI,JOHN,MINICOMPACT,2.0,4.0,MT,고급유,9.3,13.0,220.0
MINI,JOHN,MID_SIZE,2.0,4.0,MT,고급유,8.7,12.5,232.0
MINI,COOPER,SUBCOMPACT,1.5,3.0,MT,고급유,11.8,16.1,175.0
MINI,COOPER,SUBCOMPACT,1.5,3.0,MT,고급유,11.9,15.9,175.0
MINI,COOPER,MID_SIZE,1.5,3.0,MT,고급유,9.5,13.5,214.0
MINI,COOPER,MINICOMPACT,1.5,3.0,MT,고급유,11.9,15.9,175.0
MINI,COOPER,STATION WAGON ,1.5,3.0,MT,고급유,9.5,13.5,214.0
MINI,COOPER,SUBCOMPACT,2.0,4.0,MT,고급유,9.8,13.5,210.0
MINI,COOPER,SUBCOMPACT,2.0,4.0,MT,고급유,9.8,13.5,210.0
MINI,COOPER,MID_SIZE,2.0,4.0,MT,고급유,8.8,13.0,227.0
MINI,COOPER,MINICOMPACT,2.0,4.0,MT,고급유,9.8,13.5,210.0
MINI,COOPER,MID_SIZE,2.0,4.0,MT,고급유,8.8,12.8,228.0
MINI,JOHN,SUBCOMPACT,2.0,4.0,MT,고급유,9.8,13.5,210.0
MINI,JOHN,MID_SIZE,2.0,4.0,MT,고급유,8.8,13.0,227.0
MINI,JOHN,MINICOMPACT,2.0,4.0,MT,고급유,9.3,13.0,220.0
MINI,JOHN,MID_SIZE,2.0,4.0,MT,고급유,8.8,12.8,228.0
NISSAN,370Z,TWO_SEATER,3.7,6.0,MT,고급유,7.5,10.8,264.0
NISSAN,370Z,TWO_SEATER,3.7,6.0,MT,고급유,7.4,10.4,269.0
NISSAN,FRONTIER,PICKUP TRUCK ,2.5,4.0,MT,휘발유,8.2,9.8,260.0
NISSAN,FRONTIER,PICKUP TRUCK ,4.0,6.0,MT,휘발유,6.8,9.1,301.0
NISSAN,JUKE,STATION WAGON ,1.6,4.0,MT,고급유,10.5,13.2,198.0
NISSAN,SENTRA,MID_SIZE,1.8,4.0,MT,휘발유,11.5,15.2,179.0
NISSAN,VERSA,COMPACT,1.6,4.0,MT,휘발유,11.6,15.4,177.0
NISSAN,XTERRA,SUV ,4.0,6.0,MT,휘발유,6.6,8.4,315.0
NISSAN,370Z,TWO_SEATER,3.7,6.0,MT,고급유,7.5,10.8,264.0
NISSAN,370Z,TWO_SEATER,3.7,6.0,MT,고급유,7.4,10.3,271.0
NISSAN,FRONTIER,PICKUP TRUCK ,2.5,4.0,MT,휘발유,8.2,9.8,260.0
NISSAN,FRONTIER,PICKUP TRUCK ,4.0,6.0,MT,휘발유,6.7,8.9,306.0
NISSAN,JUKE,STATION WAGON ,1.6,4.0,MT,휘발유,11.9,14.5,177.0
NISSAN,JUKE,STATION WAGON ,1.6,4.0,MT,고급유,11.2,13.3,191.0
NISSAN,MICRA,COMPACT,1.6,4.0,MT,휘발유,11.6,15.2,177.0
NISSAN,SENTRA,MID_SIZE,1.8,4.0,MT,휘발유,11.2,15.2,182.0
NISSAN,VERSA,COMPACT,1.6,4.0,MT,휘발유,11.6,15.4,177.0
NISSAN,XTERRA,SUV ,4.0,6.0,MT,휘발유,6.3,8.1,331.0
NISSAN,370Z,TWO_SEATER,3.7,6.0,MT,고급유,7.5,10.8,269.0
NISSAN,370Z,TWO_SEATER,3.7,6.0,MT,고급유,7.4,10.3,278.0
NISSAN,FRONTIER,PICKUP TRUCK ,2.5,4.0,MT,휘발유,8.2,9.8,266.0
NISSAN,FRONTIER,PICKUP TRUCK ,4.0,6.0,MT,휘발유,6.7,8.9,313.0
NISSAN,JUKE,STATION WAGON ,1.6,4.0,MT,고급유,11.8,14.5,183.0
NISSAN,JUKE,STATION WAGON ,1.6,4.0,MT,고급유,11.2,13.3,194.0
NISSAN,MICRA,COMPACT,1.6,4.0,MT,휘발유,11.6,15.2,182.0
NISSAN,SENTRA,MID_SIZE,1.8,4.0,MT,휘발유,11.2,15.2,184.0
NISSAN,VERSA,MID_SIZE,1.6,4.0,MT,휘발유,11.6,15.4,179.0
NISSAN,370Z,TWO_SEATER,3.7,6.0,MT,고급유,7.5,10.8,269.0
NISSAN,370Z,TWO_SEATER,3.7,6.0,MT,고급유,7.4,10.3,278.0
NISSAN,FRONTIER,PICKUP TRUCK ,2.5,4.0,MT,휘발유,8.2,9.6,268.0
NISSAN,FRONTIER,PICKUP TRUCK ,4.0,6.0,MT,휘발유,6.6,8.7,317.0
NISSAN,JUKE,STATION WAGON ,1.6,4.0,MT,고급유,11.6,13.9,188.0
NISSAN,JUKE,STATION WAGON ,1.6,4.0,MT,고급유,11.1,13.2,197.0
NISSAN,MICRA,COMPACT,1.6,4.0,MT,휘발유,11.5,14.7,185.0
NISSAN,QASHQAI,STATION WAGON ,2.0,4.0,MT,휘발유,10.0,12.3,216.0
NISSAN,SENTRA,MID_SIZE,1.6,4.0,MT,고급유,11.0,13.7,195.0
NISSAN,SENTRA,MID_SIZE,1.8,4.0,MT,휘발유,11.1,14.7,187.0
NISSAN,SENTRA,MID_SIZE,1.6,4.0,MT,고급유,10.5,13.2,204.0
NISSAN,VERSA,MID_SIZE,1.6,4.0,MT,휘발유,11.6,15.2,180.0
NISSAN,370Z,TWO_SEATER,3.7,6.0,MT,고급유,7.5,10.8,269.0
NISSAN,370Z,TWO_SEATER,3.7,6.0,MT,고급유,7.4,10.3,278.0
NISSAN,FRONTIER,PICKUP TRUCK ,2.5,4.0,MT,휘발유,8.2,9.6,268.0
NISSAN,FRONTIER,PICKUP TRUCK ,4.0,6.0,MT,휘발유,6.6,8.7,317.0
NISSAN,MICRA,COMPACT,1.6,4.0,MT,휘발유,11.5,14.7,186.0
NISSAN,QASHQAI,STATION WAGON ,2.0,4.0,MT,휘발유,10.0,12.3,216.0
NISSAN,SENTRA,MID_SIZE,1.8,4.0,MT,휘발유,11.2,14.7,187.0
NISSAN,SENTRA,MID_SIZE,1.6,4.0,MT,고급유,11.0,13.7,195.0
NISSAN,SENTRA,MID_SIZE,1.6,4.0,MT,고급유,10.5,13.2,204.0
NISSAN,VERSA,MID_SIZE,1.6,4.0,MT,휘발유,11.6,15.2,180.0
NISSAN,370Z,TWO_SEATER,3.7,6.0,MT,고급유,7.5,10.8,270.0
NISSAN,370Z,TWO_SEATER,3.7,6.0,MT,고급유,7.4,10.3,279.0
NISSAN,FRONTIER,PICKUP TRUCK ,4.0,6.0,MT,휘발유,6.6,8.7,317.0
NISSAN,MICRA,COMPACT,1.6,4.0,MT,휘발유,11.5,14.7,186.0
NISSAN,QASHQAI,STATION WAGON ,2.0,4.0,MT,휘발유,9.9,12.3,217.0
NISSAN,SENTRA,MID_SIZE,1.8,4.0,MT,휘발유,11.4,15.2,183.0
NISSAN,SENTRA,MID_SIZE,1.6,4.0,MT,고급유,11.0,13.7,195.0
NISSAN,SENTRA,MID_SIZE,1.6,4.0,MT,고급유,10.5,13.2,204.0
NISSAN,VERSA,MID_SIZE,1.6,4.0,MT,휘발유,11.6,15.2,180.0
NISSAN,370Z,TWO_SEATER,3.7,6.0,MT,고급유,7.5,10.8,270.0
NISSAN,370Z,TWO_SEATER,3.7,6.0,MT,고급유,7.4,10.3,279.0
NISSAN,QASHQAI,STATION WAGON ,2.0,4.0,MT,휘발유,9.9,12.2,217.0
NISSAN,SENTRA,MID_SIZE,2.0,4.0,MT,휘발유,10.6,15.6,188.0
NISSAN,VERSA,COMPACT,1.6,4.0,MT,휘발유,11.6,14.9,181.0
PORSCHE,911,MINICOMPACT,3.4,6.0,MT,고급유,8.0,11.6,246.0
PORSCHE,911,MINICOMPACT,3.4,6.0,MT,고급유,8.1,11.6,246.0
PORSCHE,911,MINICOMPACT,3.4,6.0,MT,고급유,7.9,11.1,253.0
PORSCHE,911,MINICOMPACT,3.8,6.0,MT,고급유,7.8,11.2,253.0
PORSCHE,911,MINICOMPACT,3.8,6.0,MT,고급유,7.8,11.0,258.0
PORSCHE,911,MINICOMPACT,3.4,6.0,MT,고급유,8.1,11.6,246.0
PORSCHE,911,MINICOMPACT,3.8,6.0,MT,고급유,7.9,11.6,248.0
PORSCHE,911,MINICOMPACT,3.8,6.0,MT,고급유,7.9,11.4,251.0
PORSCHE,BOXSTER,TWO_SEATER,2.7,6.0,MT,고급유,8.7,12.7,228.0
PORSCHE,BOXSTER,TWO_SEATER,3.4,6.0,MT,고급유,8.4,11.6,239.0
PORSCHE,CAYENNE,SUV ,3.6,6.0,MT,고급유,6.3,9.2,313.0
PORSCHE,CAYMAN,TWO_SEATER,2.7,6.0,MT,고급유,8.7,12.7,228.0
PORSCHE,CAYMAN,TWO_SEATER,3.4,6.0,MT,고급유,8.4,11.6,239.0
PORSCHE,911,MINICOMPACT,3.4,6.0,MT,고급유,8.1,11.6,244.0
PORSCHE,911,MINICOMPACT,3.4,6.0,MT,고급유,8.1,11.5,246.0
PORSCHE,911,MINICOMPACT,3.4,6.0,MT,고급유,8.1,11.5,246.0
PORSCHE,911,MINICOMPACT,3.4,6.0,MT,고급유,8.0,11.1,251.0
PORSCHE,911,MINICOMPACT,3.8,6.0,MT,고급유,7.7,10.9,260.0
PORSCHE,911,MINICOMPACT,3.8,6.0,MT,고급유,7.5,10.8,267.0
PORSCHE,911,MINICOMPACT,3.8,6.0,MT,고급유,7.9,11.2,253.0
PORSCHE,911,MINICOMPACT,3.8,6.0,MT,고급유,7.8,10.9,258.0
PORSCHE,911,MINICOMPACT,3.8,6.0,MT,고급유,7.8,11.1,258.0
PORSCHE,911,MINICOMPACT,3.8,6.0,MT,고급유,7.5,10.8,267.0
PORSCHE,911,MINICOMPACT,3.8,6.0,MT,고급유,8.1,115.0,246.0
PORSCHE,911,MINICOMPACT,3.8,6.0,MT,고급유,8.0,11.2,251.0
PORSCHE,911,MINICOMPACT,3.4,6.0,MT,고급유,7.8,11.1,255.0
PORSCHE,911,MINICOMPACT,3.8,6.0,MT,고급유,7.6,10.9,262.0
PORSCHE,BOXSTER,TWO_SEATER,2.7,6.0,MT,고급유,8.7,12.7,228.0
PORSCHE,BOXSTER,TWO_SEATER,3.4,6.0,MT,고급유,8.3,11.2,246.0
PORSCHE,BOXSTER,TWO_SEATER,3.4,6.0,MT,고급유,8.4,11.6,239.0
PORSCHE,CAYMAN,TWO_SEATER,2.7,6.0,MT,고급유,8.7,12.7,228.0
PORSCHE,CAYMAN,TWO_SEATER,3.4,6.0,MT,고급유,8.3,11.2,246.0
PORSCHE,CAYMAN,TWO_SEATER,3.4,6.0,MT,고급유,8.4,11.6,239.0
PORSCHE,911,MINICOMPACT,3.4,6.0,MT,고급유,8.1,11.6,249.0
PORSCHE,911,MINICOMPACT,3.4,6.0,MT,고급유,8.1,11.5,251.0
PORSCHE,911,MINICOMPACT,3.8,6.0,MT,고급유,7.8,11.1,262.0
PORSCHE,911,MINICOMPACT,3.8,6.0,MT,고급유,7.5,10.8,272.0
PORSCHE,911,MINICOMPACT,3.8,6.0,MT,고급유,8.1,11.5,252.0
PORSCHE,911,MINICOMPACT,3.8,6.0,MT,고급유,8.0,11.2,255.0
PORSCHE,911,MINICOMPACT,3.4,6.0,MT,고급유,8.1,11.5,251.0
PORSCHE,911,MINICOMPACT,3.4,6.0,MT,고급유,8.0,11.1,257.0
PORSCHE,911,MINICOMPACT,3.8,6.0,MT,고급유,7.7,10.9,265.0
PORSCHE,911,MINICOMPACT,3.8,6.0,MT,고급유,7.5,10.8,272.0
PORSCHE,911,MINICOMPACT,3.8,6.0,MT,고급유,7.9,11.2,258.0
PORSCHE,911,MINICOMPACT,3.8,6.0,MT,고급유,7.8,10.9,262.0
PORSCHE,911,MINICOMPACT,3.4,6.0,MT,고급유,7.8,11.1,261.0
PORSCHE,911,MINICOMPACT,3.8,6.0,MT,고급유,7.6,10.9,267.0
PORSCHE,BOXSTER,TWO_SEATER,2.7,6.0,MT,고급유,8.7,12.7,232.0
PORSCHE,BOXSTER,TWO_SEATER,3.4,6.0,MT,고급유,8.3,11.2,250.0
PORSCHE,BOXSTER,TWO_SEATER,3.4,6.0,MT,고급유,8.4,11.6,245.0
PORSCHE,BOXSTER,TWO_SEATER,3.8,6.0,MT,고급유,7.6,10.1,272.0
PORSCHE,CAYMAN,TWO_SEATER,2.7,6.0,MT,고급유,8.7,12.7,232.0
PORSCHE,CAYMAN,TWO_SEATER,3.8,6.0,MT,고급유,7.5,9.9,277.0
PORSCHE,CAYMAN,TWO_SEATER,3.4,6.0,MT,고급유,8.3,11.2,250.0
PORSCHE,CAYMAN,TWO_SEATER,3.4,6.0,MT,고급유,8.4,11.6,245.0
PORSCHE,911,MINICOMPACT,3.0,6.0,MT,고급유,8.5,12.3,237.0
PORSCHE,911,MINICOMPACT,3.0,6.0,MT,고급유,8.3,12.2,241.0
PORSCHE,911,MINICOMPACT,3.0,6.0,MT,고급유,8.3,12.0,242.0
PORSCHE,911,MINICOMPACT,3.0,6.0,MT,고급유,8.3,12.0,243.0
PORSCHE,911,MINICOMPACT,3.0,6.0,MT,고급유,8.3,12.0,242.0
PORSCHE,911,MINICOMPACT,3.0,6.0,MT,고급유,8.2,11.8,246.0
PORSCHE,911,MINICOMPACT,3.0,6.0,MT,고급유,8.3,11.9,243.0
PORSCHE,911,MINICOMPACT,3.0,6.0,MT,고급유,8.2,11.8,246.0
PORSCHE,911,MINICOMPACT,3.0,6.0,MT,고급유,8.2,11.8,246.0
PORSCHE,911,MINICOMPACT,3.0,6.0,MT,고급유,8.2,11.8,246.0
PORSCHE,BOXSTER,TWO_SEATER,2.0,4.0,MT,고급유,9.1,12.0,229.0
PORSCHE,BOXSTER,TWO_SEATER,2.5,4.0,MT,고급유,8.3,11.1,249.0
PORSCHE,CAYMAN,TWO_SEATER,2.0,4.0,MT,고급유,9.1,12.0,229.0
PORSCHE,CAYMAN,TWO_SEATER,2.5,4.0,MT,고급유,8.3,11.1,249.0
PORSCHE,911,MINICOMPACT,3.0,6.0,MT,고급유,8.5,12.3,237.0
PORSCHE,911,MINICOMPACT,3.0,6.0,MT,고급유,8.3,12.2,241.0
PORSCHE,911,MINICOMPACT,3.0,6.0,MT,고급유,7.7,11.2,260.0
PORSCHE,911,MINICOMPACT,3.0,6.0,MT,고급유,7.9,11.1,258.0
PORSCHE,911,MINICOMPACT,3.0,6.0,MT,배터리,8.3,12.0,242.0
PORSCHE,911,MINICOMPACT,3.0,6.0,MT,배터리,8.3,12.0,243.0
PORSCHE,911,MINICOMPACT,3.0,6.0,MT,고급유,8.3,12.0,242.0
PORSCHE,911,MINICOMPACT,3.0,6.0,MT,고급유,8.2,11.8,246.0
PORSCHE,911,MINICOMPACT,3.0,6.0,MT,고급유,7.8,11.2,257.0
PORSCHE,911,MINICOMPACT,3.0,6.0,MT,고급유,7.8,11.0,260.0
PORSCHE,911,MINICOMPACT,3.0,6.0,MT,고급유,8.3,11.9,243.0
PORSCHE,911,MINICOMPACT,3.0,6.0,MT,고급유,8.2,11.8,246.0
PORSCHE,911,TWO_SEATER,4.0,6.0,MT,고급유,5.6,8.7,352.0
PORSCHE,911,MINICOMPACT,3.0,6.0,MT,고급유,8.2,11.8,246.0
PORSCHE,911,MINICOMPACT,3.0,6.0,MT,고급유,7.6,10.9,266.0
PORSCHE,911,MINICOMPACT,3.0,6.0,MT,고급유,8.2,11.8,246.0
PORSCHE,BOXSTER,TWO_SEATER,2.0,4.0,MT,고급유,9.1,12.0,229.0
PORSCHE,BOXSTER,TWO_SEATER,2.5,4.0,MT,고급유,8.1,10.6,257.0
PORSCHE,BOXSTER,TWO_SEATER,2.5,4.0,MT,고급유,8.3,11.1,249.0
PORSCHE,CAYMAN,TWO_SEATER,2.0,4.0,MT,고급유,9.1,12.0,229.0
PORSCHE,CAYMAN,TWO_SEATER,2.5,4.0,MT,고급유,8.1,10.6,257.0
PORSCHE,CAYMAN,TWO_SEATER,2.5,4.0,MT,고급유,8.3,11.1,249.0
PORSCHE,911,MINICOMPACT,3.0,6.0,MT,고급유,8.5,12.3,237.0
PORSCHE,911,MINICOMPACT,3.0,6.0,MT,고급유,8.3,12.2,241.0
PORSCHE,911,MINICOMPACT,3.0,6.0,MT,고급유,7.7,11.2,260.0
PORSCHE,911,MINICOMPACT,3.0,6.0,MT,고급유,7.9,11.1,258.0
PORSCHE,911,MINICOMPACT,3.0,6.0,MT,고급유,8.3,12.0,242.0
PORSCHE,911,MINICOMPACT,3.0,6.0,MT,고급유,8.3,12.0,243.0
PORSCHE,911,MINICOMPACT,3.0,6.0,MT,고급유,6.8,10.6,286.0
PORSCHE,911,MINICOMPACT,3.0,6.0,MT,고급유,8.3,12.0,242.0
PORSCHE,911,MINICOMPACT,3.0,6.0,MT,고급유,8.2,11.8,246.0
PORSCHE,911,MINICOMPACT,3.0,6.0,MT,고급유,7.8,11.2,257.0
PORSCHE,911,MINICOMPACT,3.0,6.0,MT,고급유,7.8,11.0,260.0
PORSCHE,911,MINICOMPACT,3.0,6.0,MT,고급유,8.3,11.9,243.0
PORSCHE,911,MINICOMPACT,3.0,6.0,MT,고급유,8.2,11.8,246.0
PORSCHE,911,TWO_SEATER,4.0,6.0,MT,고급유,5.6,8.7,352.0
PORSCHE,911,TWO_SEATER,4.0,6.0,MT,고급유,6.1,8.9,334.0
PORSCHE,911,TWO_SEATER,4.0,6.0,MT,고급유,5.7,8.1,350.0
PORSCHE,911,MINICOMPACT,3.0,6.0,MT,고급유,8.2,11.8,246.0
PORSCHE,911,MINICOMPACT,3.0,6.0,MT,고급유,7.6,10.9,266.0
PORSCHE,911,MINICOMPACT,3.0,6.0,MT,고급유,8.2,11.8,246.0
PORSCHE,BOXSTER,TWO_SEATER,2.0,4.0,MT,고급유,9.1,12.0,229.0
PORSCHE,BOXSTER,TWO_SEATER,2.5,4.0,MT,고급유,8.1,10.6,257.0
PORSCHE,BOXSTER,TWO_SEATER,2.5,4.0,MT,고급유,8.3,11.1,249.0
PORSCHE,CAYMAN,TWO_SEATER,2.0,4.0,MT,고급유,9.1,12.0,229.0
PORSCHE,CAYMAN,TWO_SEATER,2.5,4.0,MT,고급유,8.1,10.6,257.0
PORSCHE,CAYMAN,TWO_SEATER,2.5,4.0,MT,고급유,8.3,11.1,249.0
TOYOTA,COROLLA,MID_SIZE,1.8,4.0,MT,휘발유,12.0,15.9,170.0
TOYOTA,COROLLA,STATION WAGON ,1.8,4.0,MT,휘발유,11.2,13.7,189.0
TOYOTA,FJ,SUV ,4.0,6.0,MT,휘발유,6.5,8.3,320.0
TOYOTA,TACOMA,PICKUP TRUCK ,2.7,4.0,MT,휘발유,8.8,11.2,235.0
TOYOTA,TACOMA,PICKUP TRUCK ,4.0,6.0,MT,휘발유,6.9,8.8,301.0
TOYOTA,TACOMA,PICKUP TRUCK ,2.7,4.0,MT,휘발유,7.8,9.4,271.0
TOYOTA,TACOMA,PICKUP TRUCK ,4.0,6.0,MT,휘발유,6.5,8.1,322.0
TOYOTA,YARIS,COMPACT,1.5,4.0,MT,휘발유,12.8,15.9,163.0
TOYOTA,COROLLA,MID_SIZE,1.8,4.0,MT,휘발유,12.0,16.1,170.0
TOYOTA,TACOMA,PICKUP TRUCK ,2.7,4.0,MT,휘발유,8.8,10.5,242.0
TOYOTA,TACOMA,PICKUP TRUCK ,4.0,6.0,MT,휘발유,6.9,8.8,301.0
TOYOTA,TACOMA,PICKUP TRUCK ,2.7,4.0,MT,휘발유,7.8,8.7,283.0
TOYOTA,TACOMA,PICKUP TRUCK ,4.0,6.0,MT,휘발유,6.5,8.1,322.0
TOYOTA,YARIS,COMPACT,1.5,4.0,MT,휘발유,13.0,15.9,163.0
TOYOTA,COROLLA,MID_SIZE,1.8,4.0,MT,휘발유,11.9,15.6,174.0
TOYOTA,TACOMA,PICKUP TRUCK ,2.7,4.0,MT,휘발유,8.1,8.8,279.0
TOYOTA,TACOMA,PICKUP TRUCK ,3.5,6.0,MT,휘발유,7.4,8.9,292.0
TOYOTA,TACOMA,PICKUP TRUCK ,3.5,6.0,MT,휘발유,7.2,8.5,300.0
TOYOTA,YARIS,COMPACT,1.5,4.0,MT,휘발유,13.2,17.5,157.0
TOYOTA,YARIS,COMPACT,1.5,4.0,MT,휘발유,13.0,15.9,165.0
TOYOTA,86,MINICOMPACT,2.0,4.0,MT,고급유,8.8,12.0,232.0
TOYOTA,COROLLA,MID_SIZE,1.8,4.0,MT,휘발유,11.9,15.4,176.0
TOYOTA,COROLLA,MID_SIZE,1.8,4.0,MT,휘발유,11.4,14.7,185.0
TOYOTA,TACOMA,PICKUP TRUCK ,2.7,4.0,MT,휘발유,8.1,8.8,279.0
TOYOTA,TACOMA,PICKUP TRUCK ,3.5,6.0,MT,휘발유,7.2,8.6,301.0
TOYOTA,TACOMA,PICKUP TRUCK ,3.5,6.0,MT,휘발유,7.2,8.5,300.0
TOYOTA,YARIS,COMPACT,1.5,4.0,MT,휘발유,12.8,16.7,164.0
TOYOTA,YARIS,COMPACT,1.5,4.0,MT,휘발유,12.8,15.4,168.0
TOYOTA,86,MINICOMPACT,2.0,4.0,MT,고급유,8.8,12.0,232.0
TOYOTA,COROLLA,MID_SIZE,1.8,4.0,MT,휘발유,11.8,15.2,178.0
TOYOTA,COROLLA,MID_SIZE,1.8,4.0,MT,휘발유,11.4,14.7,185.0
TOYOTA,TACOMA,PICKUP TRUCK ,3.5,6.0,MT,휘발유,7.2,8.8,299.0
TOYOTA,TACOMA,PICKUP TRUCK ,3.5,6.0,MT,휘발유,7.2,8.5,300.0
TOYOTA,YARIS,COMPACT,1.5,4.0,MT,휘발유,12.8,16.7,164.0
TOYOTA,YARIS,COMPACT,1.5,4.0,MT,휘발유,12.8,15.4,168.0
TOYOTA,86,MINICOMPACT,2.0,4.0,MT,고급유,8.8,12.0,232.0
TOYOTA,COROLLA,MID_SIZE,1.8,4.0,MT,휘발유,11.8,15.2,178.0
TOYOTA,COROLLA,COMPACT,2.0,4.0,MT,휘발유,11.9,15.9,174.0
TOYOTA,TACOMA,PICKUP TRUCK ,3.5,6.0,MT,휘발유,7.2,8.8,299.0
TOYOTA,TACOMA,PICKUP TRUCK ,3.5,6.0,MT,휘발유,7.2,8.5,300.0
TOYOTA,YARIS,COMPACT,1.5,4.0,MT,휘발유,12.8,16.7,164.0
TOYOTA,YARIS,COMPACT,1.5,4.0,MT,휘발유,12.8,15.4,169.0
TOYOTA,86,MINICOMPACT,2.0,4.0,MT,고급유,8.9,12.0,232.0
TOYOTA,COROLLA,COMPACT,1.8,4.0,MT,휘발유,12.5,16.7,165.0
TOYOTA,COROLLA,COMPACT,2.0,4.0,MT,휘발유,12.2,15.4,173.0
TOYOTA,COROLLA,COMPACT,2.0,4.0,MT,휘발유,11.9,15.9,174.0
TOYOTA,TACOMA,PICKUP TRUCK ,3.5,6.0,MT,휘발유,7.2,8.8,299.0
TOYOTA,TACOMA,PICKUP TRUCK ,3.5,6.0,MT,휘발유,7.2,8.5,300.0
TOYOTA,YARIS,COMPACT,1.5,4.0,MT,휘발유,12.8,16.4,165.0
VOLKSWAGEN,BEETLE,COMPACT,1.8,4.0,MT,휘발유,10.1,13.9,200.0
VOLKSWAGEN,BEETLE,COMPACT,2.0,4.0,MT,고급유,9.3,13.2,216.0
VOLKSWAGEN,BEETLE,COMPACT,2.5,5.0,MT,휘발유,8.9,13.0,221.0
VOLKSWAGEN,BEETLE_TDI,COMPACT,2.0,4.0,MT,경유,11.4,16.4,208.0
VOLKSWAGEN,BEETLE,SUBCOMPACT,2.0,4.0,MT,고급유,9.3,13.2,216.0
VOLKSWAGEN,CC,COMPACT,2.0,4.0,MT,고급유,8.6,13.0,225.0
VOLKSWAGEN,GOLF,STATION WAGON ,2.5,5.0,MT,휘발유,8.9,13.7,216.0
VOLKSWAGEN,GOLF_TDI,STATION WAGON ,2.0,4.0,MT,경유,12.0,16.7,196.0
VOLKSWAGEN,JETTA,COMPACT,1.8,4.0,MT,휘발유,10.6,14.9,189.0
VOLKSWAGEN,JETTA,COMPACT,2.0,4.0,MT,휘발유,9.6,13.9,207.0
VOLKSWAGEN,JETTA_TDI,COMPACT,2.0,4.0,MT,경유,12.0,16.7,196.0
VOLKSWAGEN,JETTA,COMPACT,2.0,4.0,MT,고급유,9.4,13.5,212.0
VOLKSWAGEN,PASSAT,MID_SIZE,1.8,4.0,MT,휘발유,10.0,14.5,198.0
VOLKSWAGEN,PASSAT,MID_SIZE,2.5,5.0,MT,휘발유,8.8,12.8,225.0
VOLKSWAGEN,TIGUAN,SUV ,2.0,4.0,MT,고급유,7.4,10.9,267.0
VOLKSWAGEN,BEETLE,COMPACT,1.8,4.0,MT,휘발유,10.1,13.9,200.0
VOLKSWAGEN,BEETLE,COMPACT,2.0,4.0,MT,고급유,9.6,13.0,212.0
VOLKSWAGEN,BEETLE_TDI,COMPACT,2.0,4.0,MT,경유,13.2,17.5,184.0
VOLKSWAGEN,BEETLE,SUBCOMPACT,2.0,4.0,MT,고급유,9.6,13.0,212.0
VOLKSWAGEN,CC,COMPACT,2.0,4.0,MT,고급유,8.8,13.5,221.0
VOLKSWAGEN,GOLF,COMPACT,1.8,4.0,MT,휘발유,10.8,15.6,184.0
VOLKSWAGEN,GOLF_TDI,COMPACT,2.0,4.0,MT,경유,12.8,19.2,178.0
VOLKSWAGEN,GOLF,COMPACT,2.0,4.0,MT,고급유,10.6,14.5,191.0
VOLKSWAGEN,GOLF,STATION WAGON ,1.8,4.0,MT,휘발유,10.5,15.2,189.0
VOLKSWAGEN,GOLF_TDI,STATION WAGON ,2.0,4.0,MT,경유,13.2,18.2,179.0
VOLKSWAGEN,JETTA,COMPACT,1.8,4.0,MT,휘발유,10.8,15.9,184.0
VOLKSWAGEN,JETTA,COMPACT,2.0,4.0,MT,휘발유,10.5,14.5,193.0
VOLKSWAGEN,JETTA_TDI,COMPACT,2.0,4.0,MT,경유,13.2,19.6,176.0
VOLKSWAGEN,JETTA,COMPACT,2.0,4.0,MT,고급유,9.7,13.9,205.0
VOLKSWAGEN,PASSAT,MID_SIZE,1.8,4.0,MT,휘발유,10.2,14.9,193.0
VOLKSWAGEN,PASSAT_TDI,MID_SIZE,2.0,4.0,MT,경유,12.8,18.9,182.0
VOLKSWAGEN,TIGUAN,SUV ,2.0,4.0,MT,고급유,7.7,11.1,258.0
VOLKSWAGEN,BEETLE,COMPACT,1.8,4.0,MT,휘발유,10.5,14.5,196.0
VOLKSWAGEN,GOLF,COMPACT,1.8,4.0,MT,휘발유,10.8,15.6,187.0
VOLKSWAGEN,GOLF,COMPACT,2.0,4.0,MT,휘발유,10.6,14.5,193.0
VOLKSWAGEN,GOLF,COMPACT,2.0,4.0,MT,고급유,9.2,13.0,220.0
VOLKSWAGEN,GOLF,STATION WAGON ,1.8,4.0,MT,휘발유,10.5,15.2,192.0
VOLKSWAGEN,JETTA,COMPACT,1.4,4.0,MT,휘발유,12.0,16.9,168.0
VOLKSWAGEN,JETTA,COMPACT,1.8,4.0,MT,휘발유,10.6,15.6,189.0
VOLKSWAGEN,JETTA,COMPACT,2.0,4.0,MT,휘발유,9.9,13.9,207.0
VOLKSWAGEN,PASSAT,MID_SIZE,1.8,4.0,MT,휘발유,10.5,15.6,189.0
VOLKSWAGEN,TIGUAN,SUV ,2.0,4.0,MT,고급유,7.7,11.1,259.0
VOLKSWAGEN,BEETLE,COMPACT,1.8,4.0,MT,휘발유,10.5,14.1,198.0
VOLKSWAGEN,GOLF,COMPACT,1.8,4.0,MT,휘발유,10.8,15.2,190.0
VOLKSWAGEN,GOLF,COMPACT,2.0,4.0,MT,휘발유,10.3,14.3,198.0
VOLKSWAGEN,GOLF,COMPACT,2.0,4.0,MT,고급유,9.2,13.0,220.0
VOLKSWAGEN,GOLF,STATION WAGON ,1.8,4.0,MT,휘발유,10.4,14.7,194.0
VOLKSWAGEN,JETTA,COMPACT,1.4,4.0,MT,휘발유,12.0,16.9,168.0
VOLKSWAGEN,JETTA,COMPACT,2.0,4.0,MT,휘발유,9.8,13.9,208.0
VOLKSWAGEN,GOLF,COMPACT,1.8,4.0,MT,휘발유,10.8,14.5,192.0
VOLKSWAGEN,GOLF,COMPACT,2.0,4.0,MT,휘발유,10.4,13.9,199.0
VOLKSWAGEN,GOLF,COMPACT,2.0,4.0,MT,고급유,9.0,12.3,227.0
VOLKSWAGEN,GOLF,STATION WAGON ,1.8,4.0,MT,휘발유,9.0,12.8,225.0
VOLKSWAGEN,GOLF,STATION WAGON ,1.8,4.0,MT,휘발유,10.6,14.5,192.0
VOLKSWAGEN,GOLF,STATION WAGON ,1.8,4.0,MT,휘발유,9.3,13.2,218.0
VOLKSWAGEN,GOLF,COMPACT,1.4,4.0,MT,휘발유,12.2,15.9,172.0
VOLKSWAGEN,GOLF,COMPACT,2.0,4.0,MT,휘발유,10.2,13.7,203.0
VOLKSWAGEN,GOLF,COMPACT,2.0,4.0,MT,고급유,8.8,12.2,232.0
VOLKSWAGEN,GOLF,STATION WAGON ,1.8,4.0,MT,휘발유,9.0,12.8,225.0
VOLKSWAGEN,GOLF,STATION WAGON ,1.4,4.0,MT,휘발유,12.2,15.9,172.0
VOLKSWAGEN,GOLF,STATION WAGON ,1.8,4.0,MT,휘발유,9.3,13.2,218.0
VOLKSWAGEN,JETTA,COMPACT,1.4,4.0,MT,휘발유,12.7,16.9,163.0
VOLKSWAGEN,JETTA,COMPACT,2.0,4.0,MT,휘발유,10.4,13.7,200.0
VOLKSWAGEN,GOLF,COMPACT,1.4,4.0,MT,휘발유,11.9,15.2,177.0
VOLKSWAGEN,GOLF,COMPACT,2.0,4.0,MT,휘발유,10.2,13.7,203.0
VOLKSWAGEN,JETTA,COMPACT,1.4,4.0,MT,휘발유,12.7,16.9,163.0
VOLKSWAGEN,JETTA,COMPACT,2.0,4.0,MT,휘발유,10.4,14.1,198.0
